{
  "openapi" : "3.0.1",
  "info" : {
    "title" : "Event service",
    "version" : "0.1.0"
  },
  "servers" : [ {
    "url" : "http://localhost:10010/api/v1"
  } ],
  "paths" : {
    "/timetable" : {
      "get" : {
        "description" : "Returns list of city event, starting from a date",
        "operationId" : "events",
        "parameters" : [ {
          "name" : "date",
          "in" : "query",
          "description" : "Filtering date",
          "schema" : {
            "type" : "string"
          }
        } ],
        "responses" : {
          "200" : {
            "description" : "Success",
            "content" : {
              "application/json" : {
                "schema" : {
                  "$ref" : "#/components/schemas/EventsResponse"
                }
              }
            }
          },
          "default" : {
            "description" : "Error",
            "content" : {
              "application/json" : {
                "schema" : {
                  "$ref" : "#/components/schemas/ErrorResponse"
                }
              }
            }
          }
        }
      },
      "x-swagger-router-controller" : "event-controller"
    },
    "/timetable/{date}" : {
      "get" : {
        "description" : "Returns info on certain date events",
        "operationId" : "event",
        "parameters" : [ {
          "name" : "date",
          "in" : "path",
          "description" : "target date",
          "required" : true,
          "schema" : {
            "type" : "string"
          }
        } ],
        "responses" : {
          "200" : {
            "description" : "Success",
            "content" : {
              "application/json" : {
                "schema" : {
                  "$ref" : "#/components/schemas/EventsResponse"
                }
              }
            }
          },
          "default" : {
            "description" : "Error",
            "content" : {
              "application/json" : {
                "schema" : {
                  "$ref" : "#/components/schemas/ErrorResponse"
                }
              }
            }
          }
        }
      },
      "x-swagger-router-controller" : "event-controller"
    },
    "/swagger" : {
      "x-swagger-pipe" : "swagger_raw"
    }
  },
  "components" : {
    "schemas" : {
      "EventsResponse" : {
        "type" : "array",
        "items" : {
          "$ref" : "#/components/schemas/Event"
        }
      },
      "Event" : {
        "type" : "object",
        "properties" : {
          "id" : {
            "type" : "string"
          },
          "date" : {
            "type" : "string"
          },
          "band" : {
            "type" : "string"
          },
          "image" : {
            "type" : "string"
          },
          "time" : {
            "type" : "string"
          },
          "place" : {
            "type" : "string"
          },
          "songs" : {
            "type" : "array",
            "items" : {
              "$ref" : "#/components/schemas/Song"
            }
          }
        }
      },
      "Song" : {
        "type" : "object",
        "properties" : {
          "id" : {
            "type" : "string"
          },
          "title" : {
            "type" : "string"
          },
          "time" : {
            "type" : "number"
          }
        }
      },
      "ErrorResponse" : {
        "required" : [ "message" ],
        "type" : "object",
        "properties" : {
          "message" : {
            "type" : "string"
          }
        }
      }
    }
  }
}